Product;Synonym
Acabamento da Moldura;moldura decorativa, revestimento de moldura, detalhe de acabamento
Acabamento de Roda;acabamento de roda, calota, capa de roda
Adaptador de Soquete;conversor de encaixe, adaptador para encaixe de soquete, redutor de encaixe
Adaptador para Antena;conector de antena, adaptador de sinal, conversor de antena
Adaptador para Ipod;adaptador para dispositivos apple, adaptador de conexão para ipod, adaptador de áudio para ipod
Adaptador para Soquete;conversor de encaixe, adaptador de encaixe de soquete, redutor de encaixe
Adaptador Y da Mangueira do Reservatório;conector em y, adaptador em t, conexão em y
Adesivo;cola, adesivo, aderente, fixador, selador
Adesivo Araldite;araldite original, resina epóxi, cola epóxi
Adesivo Cola Parachoque;cola para carroceria
Adesivo Cola Veda Escapamento;adesivo para escapamento
Adesivo em Spray;spray adesivo, cola em aerossol, adesivo em lata
Adesivo Fixa Espelho;adesivo para espelho, cola para vidro
Adesivo Instantâneo;super bonder, cola instantânea, adesivo cianoacrilato
Adesivo Junta Motor de Alta Temperatura;cola de alta temperatura para motor, adesivo para vedação de motor, cola para junta de cabeçote
Adesivo Multi Vedante;adesivo selante, cola vedante, selante multiuso
Adesivo para Artesanato;cola para artesanato, adesivo para papel, cola para scrapbook
Adesivo Silicone;cola de silicone, adesivo de silicone, selante de silicone
Adesivo Veda Escape;adesivo para escapamento, cola para vedação de metais
Aditivo Anticorrosivo;aditivo de proteção para radiador, aditivo para evitar corrosão, aditivo anticorrosivo
Aditivo Anticorrosivo para Motor Diesel;aditivo inibidor de corrosão para diesel, aditivo protetor anticorrosivo para motor a diesel, aditivo antioxidante para motor diesel
Aditivo Condicionador Metais;aditivo protetor para metais, aditivo para melhorar desempenho de metais, aditivo para conservação de metais
Aditivo de Combustível;aditivo de gasolina, aditivo para diesel, aditivo para combustível
Aditivo de Diesel Agroprotetivo;aditivo protetor agropecuário para diesel, aditivo agroquímico para diesel, aditivo de proteção ambiental para diesel
Aditivo de Limpeza Interna para Motor;aditivo para limpeza de motor, aditivo detergente para motor, aditivo para remoção de resíduos no motor
Aditivo de Motor para Limpeza Interna;aditivo para limpeza interna do motor, aditivo para desobstrução de canalizações no motor, aditivo para remoção de incrustações no motor
Aditivo de Radiador;aditivo para arrefecimento, aditivo para sistema de arrefecimento, aditivo para líquido de arrefecimento
Aditivo de Radiador Antiferrugem;aditivo para evitar ferrugem no radiador, aditivo antiferrugem para radiador, aditivo de proteção para radiador
Aditivo de Radiador Antirust;aditivo para radiador antiferrugem, aditivo antirust para radiador, aditivo de proteção para radiador
Aditivo de Radiador Concentrado;aditivo concentrado para radiador, aditivo de alta concentração para radiador, aditivo para radiador puro
Aditivo Diluído para Radiador;aditivo para radiador pronto para uso, aditivo de baixa concentração para radiador, aditivo para radiador já diluído
Aditivo Kit Arrefecimento;kit com aditivos para arrefecimento, kit com soluções para radiador, kit para manutenção do sistema de arrefecimento
Aditivo Limpa Parabrisa;aditivo para lavagem de vidros, limpa vidros concentrado, solução para limpeza de para-brisa
Aditivo Limpa Radiador;aditivo para limpeza do radiador, aditivo para remoção de impurezas do radiador, aditivo de limpeza para arrefecimento
Aditivo Limpeza Interna;aditivo para limpeza do motor interno, aditivo para remoção de depósitos no motor, aditivo para limpeza de resíduos no motor
Aditivo para Câmbio;aditivo para transmissão, aditivo para lubrificação de câmbio, aditivo para redução de atrito em câmbio
Aditivo para Limpeza Interna do Motor;aditivo para limpeza do interior do motor, aditivo para remoção de carbonização no motor, aditivo para descontaminação do motor 
Aditivo para Motor;aditivo para melhorar desempenho do motor, aditivo para proteção de motor, aditivo para redução de emissões em motor
Aditivo para Motor a Diesel;aditivo para melhorar performance em motor diesel, aditivo para proteção de motor a diesel, aditivo para redução de emissões em motor diesel
Aditivo para Motor Corretivo;aditivo para correção de problemas no motor, aditivo para recuperação de motor, aditivo para restauração de motor
Aditivo para Óleo de Câmbio;aditivo para lubrificação de câmbio, aditivo para proteção de câmbio, aditivo para redução de desgaste em câmbio
Aditivo para Óleo de Motor;aditivo para melhorar desempenho do óleo de motor, aditivo para proteção de óleo de motor, aditivo para redução de emissões no óleo de motor
Aditivo para Radiador;aditivo para manutenção do radiador, aditivo para o sistema de arrefecimento, aditivo para o líquido do radiador
Aditivo para Tratamento de Motores Diesel;aditivo para tratamento de motor diesel, aditivo para manutenção de motor diesel, aditivo para proteção de motor diesel
Aditivo para Veículos Bicombustíveis;aditivo para etanol, aditivo para gasolina, aditivo para veículos flex
Aditivo Stop Leak;aditivo para vedação de vazamentos, aditivo para reparo de vazamentos, aditivo para selagem de vazamentos
Aditvo para Óleo de Motor;aditivo para melhorar desempenho do óleo de motor, aditivo para proteção de óleo de motor, aditivo para redução de emissões
Água Desmineralizada;água para bateria, solução para bateria, solução desmineralizada, água destilada, água purificada, água desionizada
Alavanca para Chave de Roda;prolongador de chave de roda, extensor de chave de roda, barra de apoio para chave de roda
Álcool Aerosol;spray de álcool, aerossol de álcool, atomizador de álcool
Álcool Automotivo Spray;spray de álcool automotivo, aerossol de álcool automotivo, atomizador de álcool automotivo
Álcool em Gel Antisséptico;gel antisséptico à base de álcool, gel higienizador de mãos, gel desinfetante de mãos
Álcool Gel;gel de álcool, gel antisséptico, gel desinfetante
Álcool Gel para as Mãos;gel de álcool para as mãos, gel antisséptico para as mãos, gel desinfetante para as mãos
Alicate Bomba D'Água;chave d'água, chave para bomba, pinça d'água
Alicate com Trava Serrote;alicate serrilhado, alicate com serrilha, pinça de serrilhar
Alicate Corta Arame;alicate de corte de arame, pinça cortadora de fio, alicate para cortar arame
Alicate Corte;alicate de corte, pinça de corte, alicate cortador
Alicate Corte Cabo Coaxial;alicate cortador de cabo coaxial, pinça de corte para cabo coaxial, alicate para corte de cabo coaxial
Alicate Corte Diagonal;alicate de corte diagonal, pinça de corte em diagonal, alicate para corte diagonal
Alicate Corte Frontal;alicate de corte frontal, pinça de corte frontal, alicate para corte frontal
Alicate Crimpador Cabo de Rede;pinça crimpadora de cabo de rede, tenazinha para crimpar cabo de rede, crimpador de cabo de rede, crimpador
Alicate Crimpador para Cabo Coaxial;alicate crimpador de cabo coaxial, pinça para crimpagem de cabo coaxial, alicate para crimpagem de cabo coaxial
Alicate da Trava da Homocinética;alicate para trava de homocinética, pinça para trava de homocinética, alicate para segurar homocinética
Alicate de Balanceamento de Rodas;alicate para balanceamento de rodas, pinça para balancear rodas, alicate para balanceamento de pneus
Alicate de Bico Chato;alicate com bico chato, pinça de bico chato, alicate de ponta chata
Alicate de Bico Meia Cana;alicate com bico meia-cana, pinça de bico meia-cana, alicate de ponta curvada
Alicate de Bico Redondo;alicate com bico redondo, pinça de bico redondo, alicate de ponta arredondada
Alicate de Corte;alicate de corte, pinça de corte, alicate cortador
Alicate de Corte Diagonal;alicate de corte diagonal, pinça de corte em diagonal, alicate para corte diagonal
Alicate de Pressão;alicate de pressão, pinça de pressão, torno de pressão
Alicate de Pressão Bico Curvo;alicate de pressão com bico curvo, pinça de pressão de ponta curvada, torno de pressão com bico curvo
Alicate Descascador de Fios;alicate decapador de fios, pinça para decapar fios, alicate para remover isolamento de fios
Alicate Desencapador de Cabo Coaxial;alicate decapador de cabo coaxial, pinça para decapar cabo coaxial, alicate para remover isolamento de cabo coaxial
Alicate Desencapador de Fios;alicate decapador de fios, pinça para decapar fios, alicate para remover isolamento de fios
Alicate Fixador de Ilhoses;alicate para fixar ilhoses, pinça para colocar ilhós
Alicate Mini Bico Cana;pinça mini bico cana, tenazinha mini bico cana
Alicate Mini Corte Diagonal;pinça mini corte diagonal, tenazinha mini corte diagonal
Alicate Mini Universal;pinça mini universal, tenazinha mini universal
Alicate para Abraçadeiras;pinça para abraçadeiras, tenazinha para abraçadeiras
Alicate para Anéis;pinça para anéis, tenazinha para anéis
Alicate para Anel e Trava Anti-Furto de Câmbio;pinça para anel e trava anti-furto de câmbio, tenazinha para anel e trava anti-furto de câmbio
Alicate para Cortar Arame;pinça para cortar arame, tenazinha para cortar arame
Alicate para Terminais;pinça para terminais, tenazinha para terminais
Alicate para Terminal;pinça para terminal, tenazinha para terminal
Alicate para Travas do Tipo Engate Rápido;pinça para travas do tipo engate rápido, tenazinha para travas do tipo engate rápido
Alicate Pressão;pinça de pressão, tenazinha de pressão
Alicate Profissional para Cortar;pinça profissional para cortar, tenazinha profissional para cortar, alicate para corte profissional
Alicate Rebitador;pinça rebitadora, tenazinha rebitadora, alicate para rebite
Alicate Universal;pinça universal, tenazinha universal
Alicate Vazador;pinça vazador, tenazinha vazador
Alojamento da Válvula Termostática;caixa da válvula termostática, carcaça da válvula termostática, suporte da válvula termostática
Alto-Falante;caixa acústica, falante, speaker
Alto-Falante Quadriaxial;falante quadruplo, sistema de 4 vias, alto-falante de 4 cones
Alto-Falante Triaxial;falante triplo, sistema de 3 vias, alto-falante de 3 cones
Alto-Falantes;caixas acústicas, falantes, speakers
Antena;receptor, captação de sinal, transmissor
Antena Caminhão;antena para veículo de carga, antena automotiva, antena para caminhão
Antena de Teto;antena de teto automotivo, antena externa do veículo
Antena Decorativa;antena de design, antena estética, antena ornamental
Antena Especial;antena customizada, antena personalizada
Antena Interna;antena para uso interno, antena para ambientes internos, antena indoor
Antena Interna para Tv Digital;antena interna de tv, antena para recepção de sinal digital, antena para tv indoor
Antena Móvel;antena portátil, antena para uso em movimento, antena para veículo
Antena New Shark;antena tubarão, antena shark, antena nova tubarão
Antena para Parabrisa;antena para pára-brisa, antena veicular para-brisa, antena para automóveis
Antena para Rádio;antena fm, antena para recepção de rádio, antena de rádio fm
Antena para Tv;antena de tv, antena para recepção de sinal de tv, antena de tv digital
Antena Shark;antena em forma de tubarão, antena shark fin, antena com formato de barbatana de tubarão, antena tubarão
Antena Sport Tubarão;antena tubarão esportiva, antena tubarão para carros esportivos, antena tubarão automotiva
Antena Teto Decorativa;antena decorativa para teto, antena estética para telhado, antena decorativa para teto veicular
Antena Vareta;antena telescópica, antena de haste, antena de vara
Anti Respingo para Solda;anti respingo de solda, anti respingo para soldagem, spray anti respingo para solda
Anti-Embaçante;antiembaçante para vidros, repelente de água para vidros, solução antifog
Aparelho Aromatizador;difusor de aroma, dispositivo de aromatização, aromatizador eletrônico
Aparelho de Som;sistema de áudio, equipamento de som, sistema sonoro
Aparelho de Som Mp3;reprodutor de música mp3, player mp3, dispositivo de áudio mp3
Aparelho de Som Mp4;reprodutor de música mp4, player mp4, dispositivo de áudio mp4
Aparelho de Som Rádio;rádio automotivo, rádio de carro, aparelho de rádio
Aplicador de Silicone;aplicador de massa de silicone, aplicador de selante, aplicador de vedante
Araldite;adesivo araldite, resina epóxi, cola epóxi
Aromatizador Ambiente;aromatizador de ambiente, difusor de fragrância, perfumador de ambiente
Aromatizante;fragrância, perfume de ambiente, essência aromática
Aromatizante Aerossol;spray aromatizante, aromatizador em spray, desodorizador de ambientes em aerossol
Aromatizante Anti Tabaco;neutralizador de odor de cigarro, aromatizante antifumo, desodorizador para ambientes com cheiro de tabaco
Aromatizante Cheirinho;aromatizante perfumado, fragrância aromática, aroma suave
Aromatizante com Aroma;aromatizante perfumado, fragrância aromática, aroma suave
Aromatizante de Ambiente;aromatizador de ambiente, perfumador de ambiente, difusor de aroma para ambientes
Aromatizante em Gel;aromatizador em gel, perfumador em gel, difusor de fragrância em gel
Aromatizante Folhinha;aromatizador de folhinha, perfumador em folhinha, difusor de fragrância em papel
Aromatizante Gel;aromatizador em gel, perfumador em gel, difusor de fragrância em gel
Aromatizante Miniatura;fragrância em tamanho pequeno, perfume em versão mini, essência compacta
Aromatizante Natuar;fragrância natural, perfume botânico, essência orgânica
Aromatizante para Climatizador;fragrância para ar condicionado, perfume para ar refrigerado, essência para climatização
Aromatizante Refil;recarga de fragrância, reposição de perfume, refil de essência
Aromatizante Sachê;perfume em saquinho, fragrância em bolsinha, essência em sachê
Aromatizante Spray;perfume em spray, fragrância em pulverizador, essência em aerossol
Aromatizante Stop;perfume neutralizador, fragrância eliminadora, essência bloqueadora
Aromatizante Tira Cheiro;fragrância que elimina odores, perfume que neutraliza cheiros, essência que tira maus odores
Arruela Cônica de Pressão de Roda;arruela cônica de roda, arruela de pressão de roda, arruela de roda
Aspirador de Pó;coletor de pó, equipamento de limpeza, máquina de aspiração
Aspirador de Pó Portátil;coletor de pó portátil, equipamento de limpeza portátil, máquina de aspiração portátil
Auto Silicone Gel;gel de silicone, pasta de silicone, silicone em bisnaga
Avental para Ferramentas;avental para trabalho, colete porta-ferramentas, colete multi-bolsos
Barreira Pet;grade de segurança para pets, portão para animais, cerca para cães
Bastão de Cola Quente;cola quente, bastão de cola, adesivo termoplástico
Baú para Ferramentas;caixa baú para ferramentas, maleta baú para ferramentas, baú organizador para ferramentas
Bico de Roda;extremidade da roda, bocal da roda, bico para inflar pneu
Bico do Pneu;extremidade do pneu, bocal do pneu, bico para inflar roda
Bico Roda;extremidade da roda, bocal da roda, bico para inflar pneu
Bisnaga de Silicone em Gel;renovador de painel, revitalizador de painel de carro, revitalizador de plástico
Bolsa Multiuso;bolsa versátil, bolsa multifuncional, bolsa para múltiplas finalidades
Bolsa para Ferramenta;bolsa porta-ferramentas, bolsa organizadora para ferramentas, bolsa para carregar ferramentas
Brilho para Pneus;pneu pretinho, brilho molhado, brilho gel
Bucha da Coluna ;bucha de suspensão, bucha de fixação, bucha de borracha
Bucha de Fixação do Parachoque;bucha de fixação do para-choque, bucha de proteção, bucha de amortecimento
Cabo Alimentação Rádio ;cabo de alimentação para rádio, cabo de força para rádio, cabo de energia para rádio
Cabo Articulado para Encaixe;cabo flexível para soquetes, cabo articulado para soquetes, cabo giratório para encaixe de soquete
Cabo Automotivo Flexível;cabo flexível para carros, cabo de ligação automotivo flexível, cabo elétrico flexível para automóveis
Cabo Auxiliar P2;cabo de áudio p2 auxiliar, cabo p2 para entrada auxiliar, cabo para conexão de áudio p2, cabo auxiliar
Cabo Blindado;cabo com blindagem, cabo de áudio blindado, cabo de dados blindado
Cabo Blindado RCA;cabo com blindagem rca, cabo de áudio blindado rca, cabo de vídeo blindado rca
Cabo Coaxial;cabo coax, cabo de sinal, cabo de transmissão
Cabo de Aço para Catraca;cabo de aço com catraca, cabo de aço para tensionamento, cabo de aço com trava
Cabo de Áudio;cabo para áudio, cabo para som, cabo de ligação de áudio
Cabo de Extensão para Antena de Teto;cabo para antena de teto, cabo extensor, cabo prolongador
Cabo de Fio Pararelo;cabo paralelo, cabo de fio duplo, cabo elétrico paralelo
Cabo de Fio Pararelo para Alto-Falantes;cabo para alto-falantes, cabo de áudio paralelo para caixas de som, cabo para conexão de alto-falantes
Cabo de Fio Pararelo para Caixa Selada;cabo de fio paralelo para caixa acústica, cabo de fio paralelo para subwoofer, cabo de ligação para caixa selada
Cabo de Força;cabo de alimentação, cabo de energia, cabo de eletricidade
Cabo de Força para Soquetes;cabo de alimentação para soquetes, cabo elétrico para soquetes, cabo de energia para soquetes
Cabo de Interface para Ipod;cabo de conexão para ipod, cabo de interface para iphone, cabo de ligação para ipod
Cabo de Nylon Micro Usb;cabo de nylon para micro usb, cabo de carregamento micro usb, cabo micro usb reforçado
Cabo Duplo;cabo bifilar, cabo para som estéreo, cabo de ligação dupla
Cabo Espiral Type C;cabo de carregamento espiral tipo c, cabo de dados espiral tipo c, cabo espiral usb tipo c
Cabo Extensor USB;cabo de extensão usb, cabo prolongador usb, cabo de aumento usb
Cabo Flex;cabo flexível, cabo flexível para som, cabo flexível de energia
Cabo Hdmi;cabo de alta definição, cabo de vídeo hdmi, cabo de áudio e vídeo hdmi
Cabo Magnético;cabo de conexão magnética, cabo de carga magnética, cabo de dados magnético
Cabo Micro Usb;cabo de conexão micro usb, cabo de carregamento micro usb, cabo de dados micro usb
Cabo Mini Hdmi;cabo de áudio e vídeo mini hdmi, cabo hdmi pequeno, cabo de conexão mini hdmi
Cabo P3 Estéreo;cabo de conexão p2/p3, cabo de áudio p3, cabo de som estéreo
Cabo P3 Usb;cabo de conexão p2/p3 usb, cabo de áudio p3 usb, cabo de som estéreo usb
Cabo para Engate;cabo para reboque, cabo para tomada de engate, cabo de ligação para engate
Cabo para Iphone;cabo de conexão para iphone, cabo de carregamento para iphone, cabo de dados para iphone
Cabo para Ipod;cabo de conexão para ipod, cabo de carregamento para ipod, cabo de dados para ipod
Cabo para Rádio;cabo de conexão, cabo de áudio, cabo de comunicação
Cabo Rca;cabo de áudio rca, cabo de vídeo rca, cabo de conexão rca
Cabo Rca Reto;cabo rca linear, cabo de ligação rca reto, cabo rca simples
Cabo RCA Y;cabo de áudio e vídeo rca y, cabo de conexão rca divisor, cabo de ligação rca com divisor y
Cabo Unifilar;cabo simples, cabo de fio único, cabo monocondutor
Cabo Usb;cabo de conexão usb, cabo de carregamento usb, cabo de dados usb
Cabo Usb para Iphone;cabo de conexão usb para iphone, cabo de carregamento usb para iphone, cabo de dados usb para iphone
Cabo Usb para Mini;cabo de conexão usb para mini, cabo de carregamento usb para mini, cabo de dados usb para mini
Cabo Y Rca;cabo de áudio, cabo de som, cabo de sinal
Caixa de Ferramenta;caixa para ferramentas, maleta de ferramentas, caixa organizadora de ferramentas
Caixa de Ferramenta Baú;baú para ferramentas, caixa organizadora para ferramentas, maleta baú para ferramentas
Caixa de Metal;caixa metálica, maleta de metal, baú de meta
Caixa para Ferramentas;caixa para guardar ferramentas, caixa organizadora para ferramentas, caixa de ferramentas
Caixa para Furadeira;caixa para guardar furadeira, maleta para furadeira, caixa organizadora para ferramentas elétricas
Caixa Plástica;caixa de plástico, maleta de plástico, caixa organizadora de plástico
Caixa Plástica Organizadora;caixa organizadora de plástico, maleta de plástico com divisórias, caixa para guardar objetos de plástico
Caixa Plástica para Furadeira;maleta para furadeira de plástico, caixa para ferramenta elétrica de plástico, caixa organizadora para ferramenta de plástico
Calota;calota, cubo de roda, tampa de roda
Caneta Tira Riscos;caneta corretiva, caneta de retoque, caneta restauradora
Capa de Proteção do Banco;capa protetora para banco, protetor de banco
Capa de Proteção para Banco;capa para banco, capa para bancos, conjunto de capas para bancos
Capa de Volante;capa de volante, protetor de volante, cobertura de volante
Capa para Banco;capa para bancos, conjunto de capas para bancos
Capa para Bico de Pneu;proteção para bico de pneu, cobertura para bocal de pneu, capa para bico de roda
Capa para Encosto de Cabeça;protetor de encosto de cabeça, capa protetora para banco, capa de proteção para assento
Capa para Manutenção do Mecânico;capa para manutenção do mecânico, capa protetora para mecânico, avental para mecânico
Capa para Sofá Cama;capa para sofá cama, capa protetora para sofá cama, protetor para sofá cama
Capa Protetora para Banco;capa para bancos, conjunto de capas para bancos
Castanha de Roda;porca de roda, rosca de roda, parafuso de roda
Catraca Fixa;chave de catraca fixa, catraca de encaixe fixo, chave catraca de posição fixa
Catraca Montada;catraca com encaixe montado, chave de catraca montada, catraca de encaixe com suporte
Catraca Móvel;chave de catraca móvel, catraca com encaixe móvel, catraca de encaixe articulado
Central Multimídia;central de entretenimento, sistema multimídia, unidade principal
Central Multimídia;sistema de entretenimento, estação de áudio e vídeo, console multimídia
Cera;cera automotiva, cera de carro, cera para pintura
Cera em Pasta;cera sólida, cera dura
Cera Líquida;cera fluida, cera em spray
Cera Massa para Polir;cera líquida, cera polidora, cera para polimento à água, cera de acabamento, cera de lustro
Cera Pasta;cera cremosa, cera macia
Chave Allen;chave hexagonal, chave sextavada, chave de encaixe hexagonal
Chave Biela;chave de braço, chave para motor, chave de biela e manivela
Chave Bits Ponta Phillips;chave de fenda phillips, chave de parafuso phillips, chave philips
Chave Canhão;chave de boca, chave combinada, chave de encaixe canhão
Chave com Cabo Articulado;chave com cabo flexível, chave com cabo giratório, chave com haste articulada
Chave com Cabo Emborrachado;chave com cabo emborrachado, chave ergonômica, chave de cabo emborrachado
Chave Combinada;chave de boca e estrela, chave de boca e cachimbo, chave de boca dupla
Chave de Fenda;chave de fenda, chave de parafusos, chave de cabeça chata
Chave de Roda;chave cruz, chave de porca de roda, chave de troca de pneus
Chave de Soquete;chave de encaixe, chave de soquete estriada, chave de soquete sextavada
Chave de Teste de Polaridade;testador de circuitos, testador de voltagem, testador elétrico
Chave de Vela;chave de ignição, chave de velas, chave de vela de ignição
Chave Estrela;chave de anel, chave de luva, chave de estriado
Chave Extenção para Soquete;extensão para chave de soquete, barra extensora para soquete, cabo extensor para soquete
Chave Fixa;chave de boca fixa, chave de anel fixa, chave estriada fixa
Chave L;chave de ponta dupla em l, chave de cachimbo em l, chave hexagonal em l
Chave para Mandril;chave para mandril, chave de aperto para mandril, chave para broca
Chave Philips;chave phillips, chave de parafusos phillips, chave de ponta cruzada
Chave Soquete;chave de encaixe, chave de soquete estriada, chave de soquete sextavada
Chave Tipo Ninja;chave de catraca, chave inglesa, chave ajustável
Chave Torx;chave estrela, chave de encaixe estrela, chave torx estrela
Chave Torx;chave de encaixe torx, chave de soquete torx, chave de parafuso torx
Cheirinho;fragrância suave, perfume agradável, aroma delicado
Chicote;conjunto de fios, feixe de cabos, cablagem
Cinta Catraca;cinta com catraca, cinta de amarração com catraca, cinta de aperto com catraca
Cinta com Catraca;cinta para amarração de carga, fita de amarração, cinta de fixação
Cinta de Amarração;cinta de carga, cinta de fixação de carga, cinta de transporte de carga
Cinta de Amarração de Carga;cinta de fixação de carga, cinta de transporte de carga, cinta de aperto de carga
Cinta de Carga;cinta com catraca para carga, cinta de amarração com catraca, cinta de fixação de carga com catraca
Cinta para Amarração de Carga;corda de elástico, fio de elástico, elástico para fixação
Cinta para Carga com Catraca;cordão de elástico aranha, rede elástica, elástico com ganchos
Cinturão para Ferramentas;cinto porta-ferramentas, cinto multi-bolsos, cinto organizador de ferramentas
Cola Adesiva;adesivo, cola, adesivo multiuso
Cola de Silicone;adesivo de silicone, cola de vedação, selante de silicone
Cola Fixa Tudo;cola multiuso, cola para tudo, adesivo fixador
Cola Instantanêa;super bonder, cola de secagem rápida, adesivo instantâneo
Cola Madeira;cola para madeira, adesivo para marcenaria, cola para carpintaria
Cola para Artesanato;adesivo para artesanato, cola para papel, cola para scrapbook
Cola para Parabrisa;cola para vidro automotivo, adesivo para parabrisa, cola de alta resistência
Cola para Silicone;cola de silicone, adesivo de silicone, selante de silicone
Cola Poxipol;poxipol, adesivo epóxi, cola para plásticos
Cola Silicone Alta Temperatura;cola de silicone para alta temperatura, adesivo de silicone resistente ao calor, selante de silicone para temperaturas elevadas
Cola Spray Permanente;spray adesivo permanente, cola em aerossol permanente, adesivo em lata permanente
Cola Spray Reposicionável;spray adesivo reposicionável, cola em aerossol reposicionável, adesivo em lata reposicionável
Cola Tudo Multiuso;cola multiuso, cola para tudo, adesivo universal
Cola Universal;cola multiuso, cola para tudo, adesivo universal
Cola Vinil;cola para artesanato, cola de contato, cola branca
Coldre de Cinto para Parafusadeira;coldre para parafusadeira de cinto, bolsa de cinto para ferramenta elétrica, cinto organizador de ferramenta elétrica
Condicionador de Metais;aditivo de metais, tratamento para metais, protetor de metais
Cone da Mola;cone para suspensão, cone de amortecimento, cone da bobina
Conector Arrefecimento;conexão de refrigeração, adaptador de arrefecimento, engate de arrefecimento
Conector da Mangueira da Válvula Termostática;conexão da mangueira da válvula termostática, adaptador da mangueira da válvula termostática, engate da mangueira da válvula termostática
Conector da Mangueira de Combustível;conexão da mangueira de combustível, adaptador da mangueira de combustível, engate da mangueira de combustível
Conector da Mangueira T;conexão em t da mangueira, adaptador em t da mangueira, engate em t da mangueira
Conector de Arrefecimento;conexão de arrefecimento, adaptador de arrefecimento, engate de arrefecimento
Conector de Combustível;conexão de combustível, adaptador de combustível, engate de combustível
Conector de Mangueira Y;conexão em y da mangueira, adaptador em y da mangueira, engate em y da mangueira
Conector do Cano do Sensor Temperatura;conexão do cano do sensor de temperatura, adaptador do cano do sensor de temperatura, engate do cano do sensor de temperatura
Conector do Coletor de Admissão;conexão do coletor de admissão, adaptador do coletor de admissão, engate do coletor de admissão
Conector do Compressor de Ar;conexão do compressor de ar, adaptador do compressor de ar, engate do compressor de ar
Conector do Cotovelo da Saída da Válvula Termostática;conexão do cotovelo de saída da válvula termostática, adaptador do cotovelo de saída da válvula termostática, engate do cotovelo de saída da válvula termostática
Conector do Engate da Mangueira da Flauta;conexão do engate da mangueira da flauta, adaptador do engate da mangueira da flauta, engate do engate da mangueira da flauta
Conector do Engate Rápido;conexão do engate rápido, adaptador do engate rápido, engate rápido
Conector Fêmea;conexão fêmea, adaptador fêmea, engate fêmea
Conector Fêmea do Flexível ;conexão fêmea do flexível, adaptador fêmea do flexível, engate fêmea do flexível
Conector Macho;conexão macho, adaptador macho, engate macho
Conector Macho com Anel;conexão macho com anel, adaptador macho com anel, engate macho com anel
Conector Macho com Porca;conector roscado, conector de parafuso, conector com rosca
Conector para Fios;terminal, plugue, emenda
Conector Pequeno da Flauta;conector de flauta, conector de tubo fino, conector de tubo pequeno
Conector Redutor da Válvula de Freio;conector de redução de válvula de freio, conector adaptador de válvula de freio, conector de redução de pressão de freio
Conector Redutor Macho;conector de redução macho, conector adaptador macho, conector de encaixe redutor
Conector Reto da Mangueira de Combustível;conector de mangueira de combustível reto, conector de tubo de combustível reto, conector de encaixe reto
Conector T;conector em t, conector triangular, conector de derivação
Conector União Y;conector de união em y, conector de y duplo, conector de derivação em y
Conector Y;conector em y, conector de união em y, conector de derivação em y
Conexão Cotovelo da Buzina;conector cotovelo da buzina, conexão em ângulo da buzina, cotovelo para buzina
Conexão Cotovelo da Saída da Válvula Termostática;conector cotovelo da saída da válvula termostática, conexão em ângulo da válvula termostática, cotovelo para saída da válvula termostática
Conexão Cotovelo de Engate Rapido;conector cotovelo de engate rápido, conexão em ângulo de engate rápido, cotovelo para engate rápido
Conexão Cotovelo Macho;conector cotovelo macho, conexão em ângulo macho, cotovelo com rosca macho
Conexão da Bomba D'Água;conector da bomba d'água, conexão da bomba de água, conector de entrada da bomba d'água
Conexão da Carcaça da Válvula Termostática;conector da carcaça da válvula termostática, conexão da carcaça da válvula de temperatura, conector de entrada da válvula termostática
Conexão da Cuíca;conector da cuíca, conexão da mangueira da cuíca, conector de entrada da cuíca
Conexão da Mangueira;conector da mangueira, conexão da tubulação, conector de entrada da mangueira
Conexão da Mangueira de Combustível;conector da mangueira de combustível, conexão da tubulação de combustível, conector de entrada da mangueira de combustível
Conexão da Válvula Distribuidora;conector da válvula distribuidora, conexão da válvula de distribuição
Conexão da Válvula Termostática;conexão de termostato, conexão do sensor de temperatura, conexão de controle de temperatura
Conexão de Combustível;conexão de combustível de alta pressão, conexão de injeção de combustível, conexão de linha de combustível
Conexão de Engate Rápido;conexão de encaixe rápido, conexão de conector rápido, conexão de acoplamento rápido
Conexão de Freio;conexão de linha de freio, conexão de tubo de freio, conexão hidráulica de freio
Conexão de Plástico Y;conexão de t-y, conexão de divisor de fluxo, conexão de ramificação em y
Conexão de Relógio Temperatura;conexão do termômetro, conexão do medidor de temperatura, conexão de sensor de temperatura
Conexão de União;conexão de junção, conexão de conector, conexão de ligação
Conexão do Acoplamento da Mangueira;conexão de encaixe de mangueira, conexão de conector de mangueira, conexão de acoplador de mangueira
Conexão do Adaptador da Mangueira Bomba;conexão de adaptador de bomba de mangueira, conexão de encaixe adaptador de mangueira, conexão de conector adaptador de mangueira
Conexão do Adaptador do Encanamento de Combustível;conexão de adaptador de linha de combustível, conexão de encaixe adaptador de tubo de combustível, conexão de conector adaptador de encanamento de combustível
Conexão do Cano de Retorno do Cabeçote;conexão de tubo de retorno do cabeçote, conexão de encanamento de retorno do cabeçote, conexão de linha de retorno do cabeçote
Conexão do Cilindro Mestre;conexão do reservatório de fluido de freio, conexão do sistema de freio, conexão de pressão de freio
Conexão do Coletor;conexão de coletor de admissão, conexão de coletor de escape, conexão de coletor de ar
Conexão do Coletor de Admissão;conexão de tubo de admissão, conexão de entrada de ar, conexão de conector de admissão
Conexão do Comando do Velocímetro;conexão de velocímetro, conexão de sensor de velocidade, conexão de medidor de velocidade
Conexão do Compressor de Ar;conexão de saída de ar, conexão de entrada de ar, conexão de tubulação de ar
Conexão do Cotovelo da Valvula Termostática;conexão de cotovelo de termostato, conexão de curva de sensor de temperatura, conexão de encaixe em ângulo de controle de temperatura
Conexão do Cotovelo de Engate Rápido;conexão do cotovelo de encaixe rápido, conexão do cotovelo de engate instantâneo, conexão do cotovelo push-in
Conexão do Encanamento da Turbina;conexão do tubo da turbina, conexão do encanamento de ar da turbina, conexão do duto da turbina
Conexão do Encanamento de Combustível;conexão do tubo de combustível, conexão da linha de combustível, conexão do duto de alimentação de combustível
Conexão do Encanamento de Óleo;conexão do tubo de óleo, conexão do duto de óleo, conexão da linha de óleo
Conexão do Flexível da Cuíca de Freio;conexão do tubo flexível do freio, conexão da mangueira de freio, conexão da tubulação flexível do sistema de freio
Conexão do Radiador de Óleo;conexão do tubo do radiador de óleo, conexão da mangueira do radiador de óleo, conexão do duto do radiador de óleo
Conexão do Servo de Embreagem;conexão do tubo do servo de embreagem, conexão da mangueira do servo de embreagem, conexão do duto do servo de embreagem
Conexão do Tubo de Compressor e Secador Ar;conexão da tubulação de ar do compressor e secador, conexão do tubo de ar do compressor e secador, conexão do duto de ar do compressor e secador
Conexão Flange da Bomba D'Água;conexão flange da bomba de água, conexão do flange do bomba de água, conexão do flange da bomba hidráulica
Conexão Flange da Válvula Termostática;conexão flange da válvula do termostato, conexão do flange da válvula de temperatura, conexão da flange da válvula de regulação térmica
Conexão Flexível para CuÍca;conexão de mangueira flexível para cuíca, conexão do tubo flexível para cuíca, conexão da mangueira de borracha para cuíca
Conexão L;conexão em l, conexão em ângulo, conexão de canto
Conexão L Engate Rápido;conexão l de encaixe rápido, conexão em l com engate instantâneo, conexão l push-in
Conexão Redutor;conexão de redução, conexão de reduzimento, conexão de diminuição
Conexão Rosca;conexão de encaixe de rosca, conexão de união de rosca, conexão com rosca macho e fêmea
Conexão T;conexão em t, conexão de três vias, conector em t
Conexão União;conector de união, acoplador, adaptador
Conexão Y;conexão em y, conexão de duas vias, conector em y
Conexão/Plástico T;conector em t de plástico, conexão em t de material plástico, adaptador plástico em t
Conexões Adaptador;conectores adaptadores, adaptadores de conexão, conversores de conexão
Conexões do Cotovelo;conectores de cotovelo, adaptadores de cotovelo, união de cotovelo
Container Plástico;contêiner de plástico, caixa de armazenamento de plástico, recipiente de plástico
Convertedor de Ferrugem;antiferrugem, inibidor de ferrugem, neutralizador de ferrugem
Cordão de Elástico;fita ajustável para bagagem, fita de fixação para mala, fita de segurança para mala
Cotovelo da Válvula Termostática;curva da válvula termostática, conector de cotovelo para válvula termostática, tubulação em ângulo para válvula termostática
Cotovelo Engate Rápido;conector de cotovelo de engate rápido, união de cotovelo de engate rápido, curva de engate rápido
Cotovelo Macho;conector de cotovelo macho, união de cotovelo macho, curva macho
Cristalizador de Vidros;cristalizador para vidros, selante para vidros, verniz para vidros
Cristalizador Vidros;cristalizador de para-brisa, proteção para vidros, verniz de para-brisa
Cubo de Calota;cubo de roda decorativo, cubo da calota
Descarbonizante;limpador de carbono, removedor de resíduos, solvente de depósitos
Descarbonizante;removedor de carbono, limpador de carburador, solvente para carbonização
Descontaminante de Superiorfícies;desengraxante, desincrustante, limpador industrial
Desengraxante;desengordurante, limpador de peças, solvente para graxa
Desengripante;lubrificante, soltador de peças, afrouxador de parafusos
Desengripante;lubrificante penetrante, afrouxador de parafusos, desbloqueador de peças
Desinfetante Aerossol;spray desinfetante, aerossol antisséptico, desinfetante em spray
Desinfetante de Ambientes;desinfetante de ar, desinfetante de espaços, sanitizante de ambientes
Desinfetante de Veículos;desinfetante automotivo, sanitizante de carros, desinfetante para interior de carros
Desodorizador;neutralizador de odores, eliminador de cheiros, absorvedor de maus odores
Diagrama para Tacógrafo;gráfico de medição, tabela de registro, planilha de controle
Difusor de Ambientes;espalhador de fragrância, dispensador de perfume, difusor de essência
Disco Diário;diário de bordo, registro diário, ficha de controle, disco de tacógrafo
Disco Semanal;semanário, registro semanal, disco de tacógrafo
Elástico Aranha;fita de amarração com catraca, fita de fixação com catraca, fita de aperto com catraca
Eliminador de Odores;neutralizador de odores, desodorizador, perfume de ambiente
Encaixe do Encanamento de Ar;conector de tubulação de ar, adaptador de ar comprimido, união de ar
Engate da Mangueira;conector de mangueira, adaptador de mangueira, união de mangueira
Engate Mão Amigo;acoplador manual, conector manual, adaptador manual
Engate Mão Amigo de Emergência;acoplador de emergência, conector de emergência, adaptador de emergência
Engate Rápido;conector de engate rápido, adaptador de engate rápido, união de engate rápido
Esponja;bucha, espuma, esfregão
Espuma Antisséptica;espuma para higienização, espuma sanitizante, espuma antibacteriana
Espuma Limpa Tudo;espuma multiuso, desengordurante multiuso, multi clean
Espuma para Limpeza;espuma limpadora, espuma desengordurante, espuma para lavagem de carros
Extencao para Soquete;extensão para chave de soquete, barra extensora para soquete, cabo extensor para soquete
Extensão de Impacto para Soquete;extensão de impacto para chave de soquete, barra extensora de impacto para soquete, cabo extensor de impacto para soquete
Extensão para Soquete;extensão para chave de soquete, barra extensora para soquete, cabo extensor para soquete
Extensão para Válvula;prolongador de válvula, extensor de bico, alongador de bocal
Faixa Decorativa;faixa adesiva decorativa, fita decorativa, adorno adesivo
Faixa Ouro Adesiva;faixa adesiva dourada, fita adesiva dourada, adorno adesivo dourado
Faixa Refletida;faixa adesiva refletiva, fita refletiva, adorno adesivo refletivo
Fio Duplo para Alto Falantes;cabo para caixas acústicas, cabo para speakers, cabo para amplificadores de som
Fio Duplo para Alto-Falante;cabo para caixas acústicas, cabo para speakers, cabo para amplificadores de som
Fio Duplo para Break Light;cabo para luz de freio, cabo para lanterna de freio, cabo para luz de parada
Fio Duplo para Caixa Selada;cabo para caixa acústica, cabo para speaker, cabo para subwoofer
Fio Duplo para Falantes;cabo para caixas acústicas, cabo para speakers, cabo para amplificadores de som
Fio para Acionamento Alarme;cabo para sensor de alarme, cabo para sirene, cabo para central de alarme
Fio para Acionamento Antena;cabo para antena, cabo para receptor de tv, cabo para sintonizador
Fios Cabos Eletricos;cabos de energia, fiação elétrica, condutor elétrico
Fita Adesiva;fita cola, durex
Fita Adesiva Dupla Face;fita adesiva de dupla face, dupla face
Fita Adesiva Espuma;fita adesiva de espuma, fita adesiva de vedação, fita de espuma autoadesiva
Fita Adesiva para Reparo de Faróis;fita adesiva refletiva, fita adesiva de reparação de lentes, fita para lanternas de automóveis
Fita Adesiva Silver Tape;fita adesiva metálica, fita adesiva de alumínio, fita isolante de alumínio
Fita Ajustável para Mala;fita de amarração, fita de fixação de carga, fita de transporte de carga
Fita Antiderrapante;fita antiderrapante de segurança, fita adesiva antiderrapante, fita antiderrapante para escadas
Fita com Catraca;fivela para cinta de amarração, fivela de fixação, fivela com catraca
Fita Crepe;fita de papel crepe, fita de mascaramento, fita de pintor
Fita Crepe para Mascaramento;fita de pintor, fita de mascaramento, fita adesiva de papel
Fita de Autofusão a Prova D'Agua;fita auto fusão, fita de vedação, fita isolante autoadesiva
Fita Dupla Face;fita adesiva de dupla face, dupla face
Fita Isolante;fita elétrica, fita de isolamento, fita isoladora
Fita Isolante Antichama;fita isolante retardante de chama, fita elétrica antichama, fita de isolamento de segurança
Fita Isolante de Tecido;fita isolante de tecido, fita isolante de fibra de vidro, fita isolante de poliéster
Fita Isolante Imperial; fita isolante de alta tensão, fita isolante de borracha, fita isolante para cabos elétricos
Fita Isolante Líquida;isolante líquido, tinta isolante, adesivo isolante
Fita Isolante Sem Cola;fita isolante autoadesiva, fita isolante sem adesivo, fita isolante de auto fusão
Fita Isolantes Colorida;fita isolante colorida, fita isolante decorativa, fita elétrica colorida
Fita para Prender Carga;kit de amarração para motocicletas, kit de fixação de moto, kit de transporte de moto
Fita Silver Tape;fita adesiva metálica, fita adesiva de alumínio, fita isolante de alumínio
Fita Zebrada de Isolamento;fita adesiva zebrada, fita isolante zebrada, fita adesiva de segurança
Fivela Sider;kit de catraca com encaixe fixo, kit de chave de catraca fixa, conjunto de catraca fixa
Fixa Rolamentos;fixador de rolamentos, adesivo fixa rolamentos, cola para rolamentos
Flange Carburador;conector de flange do carburador, acoplador do carburador, adaptador do carburador
Flange da Carcaça da Bomba D'Água;conector de flange da bomba d'água, acoplador da bomba d'água, adaptador da bomba d'água
Fluido de Freio;fluido de travão, fluido hidráulico de freio, óleo de freio
Fluído Freio;fluido de travão, fluido hidráulico de freio, óleo de freio
Fluído Hidráulico;óleo hidráulico, fluido para sistemas hidráulicos, lubrificante hidráulico
Grade do Alto Falante;tela protetora, grade de proteção, grelha do falante
Grafite em Pó;lubrificante seco, lubrificante em pó, pó de grafite
Grafite em Spray;lubrificante em spray, lubrificante seco, spray de grafite
Grafite Seco Spray;spray de grafite, lubrificante seco, lubrificante em spray
Grampo Baixo do Friso da Janela;grampo de friso, grampo de acabamento, grampo de fixação
Grampo de Forração;grampo para forro, grampo de tapeçaria, grampo de estofamento
Grampo do Forro da Porta;grampo de acabamento, grampo de forro, grampo de fixação
Grampo do Rodizio para Cortina;grampo de cortina, grampo de fixação, grampo de sustentação
Grampo para Fixar Parachoque;grampo de fixação, grampo de proteção, grampo de amortecimento
Grampo para Grampeador;grampos de fixação, grampos de estofamento, grampos para tapeçaria
Graxa;massa lubrificante, lubrificante em pasta
Haste Antena;antena de haste, antena vertical, pilar de antena
Haste Curta para Antena;haste curta, antena de pilar curto, pilar curto para antena
Haste de Antena;pilar de antena, haste de sinal, vareta de antena
Haste de Antena Decorativa;haste decorativa para antena, pilar de antena ornamentado, vareta decorativa para sinal
Haste de Antena Lisa;haste plana para antena, pilar de sinal liso, vareta de sinal reta
Haste de Antena Shark;haste em forma de tubarão, pilar de sinal shark, vareta em formato de tubarão
Haste de Teto;haste para antena de teto, pilar de teto, vareta de telhado
Haste Lisa com Rosca;haste de sinal com rosca, pilar roscado liso, vareta com rosca
Haste para Antena;vareta para antena, pilar de antena, haste de sinal
Haste para Antena de Teto;vareta para antena de teto, haste para antena no telhado, pilar para antena em telhado
Haste para Antena Espiral;haste em espiral, vareta de sinal espiral, pilar de antena em formato espiral
Hastes de Antena;pilares de antena, varetas de sinal, hastes para antenas
Hidratante de Couro;condicionador de couro, creme hidratante para couro, loção para couro
Hidratante de Limpeza de Couro;hidratante de couro para móveis, hidratante para couro automotivo, limpa e hidrata couro em gel
Hidratante e Limpa Couro;hidratante de couro para móveis, hidratante para couro automotivo, limpa e hidrata couro em gel
Hidratante em Spray para Couro;condicionador em spray para couro, protetor em spray para couro, spray hidratante para couro
Hidratante para Couro;hidratante de couro para móveis, hidratante para couro automotivo, limpa e hidrata couro em gel
Higienizador de Ar-condicionado;desodorizador de ar-condicionado, limpa ar-condicionado spray, purificador de ar-condicionado
Higienizador Esportivo;desinfetante esportivo, limpa equipamentos esportivos, higienizador de equipamentos
Jogo Alicate para Anéis;conjunto de pinças para anéis, kit de tenazinhas para anéis
Jogo Bits para Parafusadeira;conjunto de bits para parafusadeira, kit de pontas para parafusadeira, jogo de bits de parafusadeira
Jogo Bits Torx;jogo de bits torx, jogo de pontas torx, jogo de chaves torx
Jogo Capa para Banco;jogo de capa para banco, conjunto de capas para bancos, kit capa para banco
Jogo Chave Allen;jogo de chaves allen, jogo de chaves hexagonais, jogo de chaves de encaixe hexagonal
Jogo Chave Combinada;conjunto de chaves de boca e estrela, kit de chave dupla, jogo de chaves combinadas
Jogo Chave Estrela;conjunto de chaves de anel, kit de chaves de luva, jogo de chaves estriadas
Jogo Chave Fixa;conjunto de chaves de boca fixa, kit de chaves de anel fixa, jogo de chaves estriadas fixas
Jogo de Adaptador para Soquetes;conjunto de adaptadores para soquetes, kit de conversores para soquetes, jogo de adaptadores de encaixe para soquetes
Jogo de Alicates para Bijuterias;conjunto de pinças para bijuterias, kit de tenazinhas para bijuterias, alicate para bijuterias
Jogo de Capa de Banco para Sofá;jogo de capa para sofá, conjunto de capas para sofá, kit capa para sofá
Jogo de Chave;jogo de chave, conjunto de chaves, jogo de chaves combinadas
Jogo de Chave Combinada;conjunto de chaves de boca e estrela, kit de chave dupla, jogo de chaves combinadas
Jogo de Chave de Soquete;conjunto de chaves de encaixe, kit de chaves de soquete estriadas, jogo de chaves de soquete sextavadas
Jogo de Chave de Vela;conjunto de chave de vela, kit de chaves de ignição, jogo de chaves de vela de ignição
Jogo de Chave Estrela;conjunto de chaves de anel, kit de chaves de luva, jogo de chaves estriadas
Jogo de Chave Fixa;conjunto de chaves de boca fixa, kit de chaves de anel fixa, jogo de chaves estriadas fixas
Jogo de Chave Intercambiavel;jogo de chaves intercambiáveis, jogo de chaves com pontas intercambiáveis, jogo de chaves com encaixe intercambiável
Jogo de Chave Soquete;conjunto de chaves de encaixe, kit de chaves de soquete estriadas, jogo de chaves de soquete sextavadas
Jogo de Chave Tipo T;conjunto de chaves tipo t, kit de chaves tipo t, jogo de chaves de encaixe tipo t
Jogo de Chave Torx;jogo de chaves torx, jogo de chaves estrela, jogo de chaves de encaixe torx
Jogo de Chaves;conjunto de chaves, kit de chaves, jogo de ferramentas
Jogo de Chaves Intercambiavel de Precisão;jogo de chaves de precisão, jogo de chaves pequenas, jogo de chaves para eletrônica
Jogo de Extensão de Impacto para Soquete;conjunto de extensões de impacto para soquete, kit de extensões de impacto para soquete, jogo de extensões de impacto para soquete
Jogo de Extensor de Soquetes;conjunto de extensor de soquetes, kit de extensor de soquetes, jogo de extensões de soquete
Jogo de Soquete;conjunto de soquete, kit de soquete, jogo de soquete universal
Jogo de Soquete e Chave;conjunto de soquete e chave, kit de soquete e chave, jogo de chave e soquete
Jogo de Soquetes e Catraca;conjunto de soquetes e catraca, kit de soquetes e catraca, jogo de soquetes com catraca
Jogo de Tampa de Válvula;conjunto de tampas de válvula, kit de bicos para pneus, jogo de coberturas para bocais
Jogo Mini Válvula;conjunto de bicos pequenos
Jogo Tampa de Válvula Plástica;conjunto de tampa de válvula de plástico, kit tampa de válvula de plástico, jogo de capa de válvula plástica
Kit Adesivo;kit de cola epóxi, kit de cola instantânea, kit de adesivos multiuso
Kit Álcool Gel;kit higiene, kit antisséptico
Kit Alicate para Anéis;kit de pinças para anéis, kit de tenazinhas para anéis
Kit Alto-Falante;conjunto de falantes, sistema de som, caixa acústica
Kit Amarração de Moto;kit de cinta de fixação, kit de cinta de transporte, conjunto de cinta de amarração
Kit Antena;conjunto de sinal, kit de sinalização, pacote de antena
Kit Antena Original;kit original de antena, conjunto de antena padrão, pacote de sinal de fábrica
Kit Antena para Rádio Px;kit de antena para rádio px, conjunto de antena para comunicação px, pacote de sinal para px
Kit Araldite;kit de cola araldite
Kit Capa de Volante;kit capa de volante, conjunto de capas para volante, jogo de capas para volante
Kit Carregador;conjunto de carregadores, kit de carregamento, adaptadores de carga
Kit Catraca Fixa;kit de cinta para transporte de moto, kit de fixação de motocicletas, kit de cinta para amarração de moto
Kit Chave de Fenda de Precisão;kit de chaves de fenda de precisão, kit de chaves pequenas, kit de chaves para eletrônica
Kit Chave de Fenda/Phillips;kit de chaves de fenda/phillips, kit de chaves de parafusos, kit de chaves de ponta chata e cruzada
Kit Chave de Precisão;kit de chaves de precisão, kit de chaves pequenas, kit de chaves para eletrônica
Kit Chave Fixa;conjunto de chaves de boca fixa, kit de chaves de anel fixa, kit de chaves estriadas fixas
Kit Chaves de Teste;kit de chaves de teste, kit de testadores, kit de verificadores elétricos
Kit Cinta de Amarração;kit de fixação, kit de amarração de carga, kit de transporte de carga
Kit Cinta para Moto;kit de guincho para plataforma, kit de fixação para guincho, conjunto de guincho plataforma
Kit com 2 Aromatizante;conjunto com duas fragrâncias, kit de dois perfumes, jogo de essências duplo
Kit com 3 Aromatizante;conjunto com três fragrâncias, kit de três perfumes, jogo de essências triplo
Kit com 3 Mini Alicates de Pressão;conjunto com 3 pinças de pressão, kit com 3 tenazinhas de pressão, conjunto de alicates de pressão
Kit Cortinas Protetoras Anticlaridade;cortinas anti-reflexo, cortinas para-sol, cortinas de proteção
Kit de Amarração;kit de fita de fixação, kit de fita de transporte
Kit de Chave Torx;kit de chaves torx, kit de chaves estrela, kit de chaves de encaixe torx
Kit de Emergência para Automóveis;kit de primeiros socorros para carros, kit de segurança para automóveis, kit de emergência automotivo
Kit de Guincho Plataforma;conjunto de guincho para plataforma, kit de guincho para transporte, kit para levantamento de cargas
Kit de Parafuso Antifurto;kit de parafuso de segurança, kit de parafuso cromado, kit de parafuso de liga leve
Kit de Porca Antifurto;kit de segurança para rodas, kit anti-roubo, kit de proteção de rodas
Kit de Porcas Allen;kit de porcas de segurança, kit de porcas anti-furto, kit de porcas especiais
Kit de Porcas Antifurto;kit de porcas de segurança, kit anti-roubo, kit de proteção de rodas
Kit Fios para Alto-Falante;kit de cabos para som, kit de fiação para caixas acústicas, kit de cabos para speakers
Kit Fita de Amarração;kit de cintas para amarração, conjunto de fitas para prender, kit de cintas para fixação
Kit Limpa Telas;kit de limpeza de telas, kit de limpeza de eletrônicos, kit de limpeza para computadores
Kit Macaco Modelo Joelho;conjunto joelho para levantamento, kit joelho elevador, kit de elevação modelo joelho
Kit Macaco Modelo Sanfona;conjunto sanfona para levantamento, kit sanfona elevador, kit de elevação modelo sanfona
Kit Macaco Modelo Semi-Sanfona;conjunto semi-sanfona para levantamento, kit semi-sanfona elevador, kit de elevação modelo semi-sanfona
Kit Maleta Parafusos;kit de parafusos em maleta, kit de fixadores em maleta, kit de elementos de fixação em maleta
Kit Pano em Microfibra;kit de pano de microfibra, kit de panos de limpeza, kit de limpeza de microfibra
Kit Pano Microfibra;kit de toalhas umedecidas, lenços umedecidos, toalhetes umedecidos
Kit para Antena;conjunto de antena, kit de sinal, pacote para sinal de antena
Kit para Antena Vareta;kit para vareta de antena, conjunto de sinal para varetas, pacote de antena de haste
Kit para Instalação de Módulos;kit de cablagem para módulos, kit de fiação para módulos, kit para montagem de circuitos
Kit Parafuso da Lataria do Motor;kit de parafusos da carroceria, kit de parafusos da lataria, kit de fixação da carroceria
Kit Parafuso de Fixação do Assoalho na Caixa de Ar;kit de parafusos do assoalho, kit de fixação da caixa de ar, kit de parafusos de fixação do assoalho
Kit Parafuso de Fixação do Estribo;kit de parafusos do estribo, kit de fixação do estribo, kit de parafusos de fixação do estribo
kit Parafuso do Paralama;kit de parafusos do paralama, kit de fixação do paralama, kit de parafusos de fixação do paralama
Kit Parafuso do Parochoque;kit de parafusos do para-choque, kit de fixação do para-choque, kit de parafusos de fixação do para-choque
Kit Porca Antifurto;kit de proteção de rodas, kit de porcas de segurança, kit anti-roubo
Kit Refil de Cola Quente;refil de bastão de cola quente, refil de cola para pistola de cola quente, refil de cola em bastão
Kit Reparo Pneu;condicionador de couro, creme hidratante para couro, loção hidratante para couro
Kit Toalha Umedecida;pano de limpeza em microfibra, pano de limpeza multiuso, pano de limpeza reutilizável
Kit Usb + Acendedor para Android;kit carregador usb para celular android, kit de carregamento para celular android, kit de carregador veicular para celular android
Kit Usb + Acendedor para Iphone;kit carregador usb para celular iphone, kit de carregamento para celular iphone, kit de carregador veicular para celular iphone
Kit Usb + Fonte para Iphone;kit carregador usb com fonte para iphone, kit de carregamento com fonte para iphone, kit de carregador veicular com fonte para iphone
Lava Auto;lavagem automotiva, lava car, lavagem de carros
Lava Auto Shampoo;shampoo para lava car, shampoo para carros, shampoo automotivo
Lava Carros;lavagem de carros, lava auto, lava jato automotivo
Lava Carros com Cera;shampoo com cera, detergente com cera
Limpa Ar-condicionado;kit emergência pneu, kit reparo de furo, kit remendo pneu
Limpa Cárter;limpador de cárter, solvente para cárter, desengraxante de cárter
Limpa Couro;limpador de bancos de couro, limpa sujeira couro, limpador de estofados em couro
Limpa e Hidrata Couros;hidratante de couro para móveis, hidratante para couro automotivo, limpa e hidrata couro em gel
Limpa e Hidrata Volante e Cinto de Segurança;limpa e hidrata painel e bancos, limpa e hidrata interior automotivo, limpa e hidrata plásticos e borrachas
Limpa e Impermeabiliza;limpa e protege, limpa e sela, limpa e repele água
Limpa Estofado;limpa sofá, limpa carpete, limpa tapete
Limpa Estofado e Plástico;limpa plásticos, limpa plástico de carro, limpeza de estofado
Limpa Estofados;detergente multiuso, limpador multiuso, multi ação
Limpa Interiores;limpa estofados, limpa painéis, limpa tapetes
Limpa Parabrisa;limpa para-brisa concentrado, solução para limpeza de vidros, spray limpa vidros
Limpa Plástico e Couros;limpa plástico, limpa e hidrata couros, limpa couros
Limpa Plástico Solution;limpa plásticos, limpador de plásticos, limpa plásticos automotivo
Limpa Pneu em Gel;gel para limpeza de pneus, limpa pneus em gel, limpa pneus pretinho
Limpa Pneus;shampoo para pneus, limpa pneus e borrachas, limpador de pneus
Limpa Pneus Pretinho;pneu pretinho, limpa pneus gel, brilho molhado para pneus
Limpa Radiador;produto de limpeza para radiador, solução para limpeza do sistema de arrefecimento, líquido de limpeza para radiador
Limpa Radiador;limpador de radiador, solvente para radiador, desengraxante de radiador
Limpa Telas;limpa lcd, limpa monitores, limpa telas de celular
Limpa Telas Bactericida;limpa telas antibacteriano, limpa telas sanitizante, limpa telas antisséptico
Limpa Tênis;limpa calçados, limpa tênis branco, limpa sapatilhas
Limpa Tudo;desinfetante para tecidos, limpador para estofados, higienizador de tecidos
Limpa Vidro;limpa vidro automotivo, limpa vidro com álcool, solução para limpeza de vidros
Limpa Vidros Antiembaçante;antiembaçante para vidros, repelente de água para vidros, solução antifog
Limpa Vidros Automotivo;limpa vidro automotivo, limpa vidro com álcool, solução para limpeza de vidros
Limpa Vidros com Gatilho;limpa vidros com gatilho, spray limpa vidros, spray multiuso
Limpador de Câmeras e Leitores;limpa ótica, limpa lentes, limpa câmeras fotográficas
Limpador de Couro;limpa couro, limpa e hidrata couros, limpa e revitaliza couros
Limpador de Telas;limpador de lcd, limpador de monitores, limpador de telas de tv
Limpador Hidratante Couros;limpa couro, limpa e hidrata couros, limpa e revitaliza couros
Limpador Hidratante de Couros;limpa couro, limpa e hidrata couros, limpa e revitaliza couros
Limpador Multiuso;limpador geral, limpador universal, limpador para todas as superfícies
Limpeza Interna do Motor;limpeza do motor, higienização do motor, lavagem interna do motor
Líquido Impermeabilizante;impermeabilizante para tecidos, selante para tecidos, spray impermeabilizante
Macaco;elevador, cric, dispositivo de elevação
Macaco Hidráulico;elevador hidráulico, cric hidráulico, dispositivo de elevação hidráulico
Macaco Hidro-Pneumático;elevador hidro-pneumático, cric hidro-pneumático, dispositivo de elevação hidro-pneumático
Macaco Joelho;elevador de joelho, cric de joelho, dispositivo de elevação de joelho
Macaco Modelo Joelho;elevador modelo joelho, cric modelo joelho, dispositivo de elevação modelo joelho
Macaco Modelo Sanfona;elevador modelo sanfona, cric modelo sanfona, dispositivo de elevação modelo sanfona
Macaco Modelo Semi-Sanfona;elevador modelo semi-sanfona, cric modelo semi-sanfona, dispositivo de elevação modelo semi-sanfona
Macaco Profissional;elevador profissional, cric profissional, dispositivo de elevação profissional
Macaco Rebaixado Profissional;elevador rebaixado profissional, cric rebaixado profissional, dispositivo de elevação rebaixado profissional
Macaco Universal;elevador universal, cric universal, dispositivo de elevação universal
Mala para Ferramentas;maleta de ferramentas, caixa de ferramentas, porta ferramentas
Maleta Box Multiuso;maleta organizadora de ferramentas, organizador de ferramentas
Maleta de Aluminio;maleta para ferramentas, maleta para ferramenta de alumínio
Maleta de Ferramentas;maleta de lona, mochila ferramentas, mochila para ferramentas
Maleta de Lona;organizador de porta malas, organizador de lona, mala de lona
Maleta Ferramentas;caixa de ferramentas, mala para ferramentas
Maleta Organizadora de Ferramentas;maleta de ferramentas, caixa de ferramentas, porta ferramentas
Maleta para Ferrameta com Roda;maleta de alumínio, maleta para ferramentas, maleta para ferramenta com roda
Massa de Polir;pasta de polir, composto de polimento, massa abrasiva
Massa Durepoxi;massa epóxi, massa seladora, massa plástica
Microfone para Rádio;microfone de comunicação, microfone de transmissão, microfone de radiocomunicação
Mochila Ferramentas;maleta de lona, mochila ferramentas, mochila para ferramentas
Mochila para Ferramentas;organizador de porta malas, organizador para malas, organizadores
Módulo de Som;módulo de áudio, módulo amplificador de som, módulo de potência de áudio
Modulo de Som Estéreo;módulo amplificador, módulo de potência, módulo de áudio estéreo
Modulo de Som Mono;módulo amplificador mono, módulo de potência mono, módulo de áudio mono
Modulo Estéreo;módulo de áudio estéreo, módulo amplificador estéreo, módulo de potência estéreo
Moldura de Som;moldura para áudio, moldura de apoio para som, moldura de fixação para som
Moldura de Som para Cd;moldura de apoio para cd player, moldura para cd player, moldura de fixação para cd player
Moldura de Som para Painel;moldura de apoio para painel de som, moldura para painel de som, moldura de fixação para painel de som
Moldura Redutora;moldura adaptadora, moldura redutora de tamanho, moldura de encaixe
Multi Limpador;limpador versátil, limpador multifuncional, limpador para diversas superfícies
Multilimpador de Limpeza Pesada;limpador de alta performance, limpador para limpeza profunda, limpador para limpeza pesada
Neutralizador de Odor;eliminador de odores, neutralizante de cheiros, absorvedor de maus odores
Núcleo de Válvula do Pneu;núcleo da válvula do pneu, núcleo para válvula de pneu, núcleo da haste da válvula
Óculos para Solda;máscara de solda, visor de solda, escudo de soldagem, proteção para soldagem, óculos de proteção para soldagem, óculos para brasagem, óculos para estanho
Óleo de Câmbio;lubrificante de câmbio, óleo para caixa de câmbio, óleo de transmissão
Óleo de Câmbio Automático;lubrificante de câmbio automático, óleo de transmissão automática, fluido de transmissão automática
Óleo de Câmbio e Diferencial;lubrificante de câmbio e diferencial, óleo de transmissão e diferencial, fluido de transmissão e diferencial
Óleo de Direção Hidráulica;lubrificante de direção hidráulica, fluido para direção hidráulica, óleo para sistema de direção
Óleo de Motor;óleo lubrificante de motor, lubrificante para motor, lubrificante automotivo
Óleo Hidráulico;fluido hidráulico, lubrificante para sistemas hidráulicos, óleo para equipamentos hidráulicos
Óleo Multiuso para Máquina;óleo para máquinas, óleo multiuso, óleo lubrificante
Óleo para Corrente;óleo lubrificante para corrente, óleo para corrente de motosserra, óleo para corrente de bicicleta
Óleo para diferencial;óleo para diferencial, óleo lubrificante de diferencial, óleo de engrenagem
Óleo para Transmissões Automáticas;lubrificante para transmissões automáticas, fluido de transmissão automática, óleo de câmbio automático
Olhal para Nylon;conector de olhal de nylon, adaptador de olhal de nylon, união de olhal de nylon
Olhal para Tubo de Nylon;conector de olhal para tubulação de nylon, adaptador de olhal para tubo de nylon, união de olhal para tubulação de nylon
Organizador de Banco;tampa da caixa de ferramentas, mala para ferramentas, maleta ferramentas
Organizador de Porta Malas;organizador de bagageiro, organizador de porta-malas, organizador de carga
Organizador para Malas;bolsa organizadora, organizador de bagagem, organizador de mala
Organizadores;organizador de veículo, organizador de compartimento, organizador de espaço
Pano de Chão Saco;pano de limpeza, pano de chão multiuso, pano de limpeza multiuso
Pano em Microfibra;toalha de limpeza em microfibra, toalha de limpeza multiuso, toalha de limpeza reutilizável
Pano Esponja Multiuso;esponja multiuso, pano esponjoso, esponja de limpeza multiuso
Pano Malha para Limpeza de Vidro;pano para limpeza de vidro, pano para limpeza de janelas, pano de microfibra para vidro
Pano Microfibra;pano de microfibra, pano de limpeza de microfibra, pano de microfibra multiuso
Pano Multiuso com Varias Cores;pano multiuso, pano de limpeza multiuso, pano de uso geral
Pano Saco Alvejado;pano alvejado, pano de saco, pano branco de algodão
Pano Umedecido Multiuso;pano umedecido, toalha umedecida
Parafuso Allen;parafuso com cabeça sextavada interna, parafuso hexagonal interno, parafuso allen com cabeça sextavada
Parafuso Coletor do Escape;parafuso de fixação do coletor de escape, parafuso do coletor de admissão, parafuso de escape
Parafuso Coxim;parafuso do coxim do motor, parafuso do amortecedor, parafuso do coxim do câmbio
Parafuso da Alavanca do Afogador;parafuso de fixação da alavanca do afogador, parafuso da alavanca do choke, parafuso do controle do afogador
Parafuso da Articulação do Garfo de Câmbio;parafuso da articulação do câmbio, parafuso da alavanca de câmbio, parafuso da articulação da alavanca de câmbio
Parafuso da Biela;parafuso do pistão, parafuso de conexão da biela, parafuso da haste da biela
Parafuso da Bóia de Tanque;parafuso de fixação da bóia do tanque, parafuso da bóia do combustível, parafuso de fixação da boia do tanque de combustível
Parafuso da Boia do Tanque;parafuso de fixação da boia do tanque de combustível, parafuso da bóia de tanque, parafuso de fixação da bóia do combustível
Parafuso da Bomba de Combustível;parafuso de fixação da bomba de combustível, parafuso da flange da bomba de combustível, parafuso da tampa da bomba de combustível
Parafuso da Caixa Satélite;parafuso de fixação da caixa satélite, parafuso do diferencial, parafuso da flange do diferencial
Parafuso da Caraça do Câmbio;parafuso de fixação da carcaça do câmbio, parafuso da tampa do câmbio, parafuso da flange do câmbio
Parafuso da Carcaça da Embreagem;parafuso da tampa da embreagem, parafuso da carcaça do platô, parafuso da capa da embreagem
Parafuso da Carcaça do Distribuidor;parafuso da tampa do distribuidor, parafuso da capa do distribuidor, parafuso da carcaça do delco
Parafuso da Cinta da Cuica de Freio;parafuso da placa da cuica de freio, parafuso da chapa de freio, parafuso da alavanca de freio
Parafuso da Coroa;parafuso da engrenagem da coroa, parafuso da roda dentada, parafuso da coroa e pinhão
Parafuso da Cruzeta do Cardan;parafuso da junta universal, parafuso da cruzeta da transmissão, parafuso da união do cardan
Parafuso da Curva do Filtro de Ar;parafuso da conexão do filtro de ar, parafuso do cotovelo do filtro de ar, parafuso da curva do tubo de admissão de ar
Parafuso da Dobradica do Capô;parafuso da articulação do capô, parafuso da sustentação do capô, parafuso da fixação do capô
Parafuso da Guia da Corrente de Comando;parafuso do esticador da corrente de comando, parafuso da corrediça da corrente de comando, parafuso da guia da corrente de distribuição
Parafuso da Homocinética da Roda;parafuso da junta homocinética, parafuso da transmissão da roda, parafuso da articulação esférica da roda
Parafuso da Maquina Vidro;parafuso do regulador de vidro, parafuso do elevador de vidro, parafuso da manivela do vidro
Parafuso da Polia;parafuso do tensor da correia, parafuso da polia do alternador, parafuso da polia da bomba d'água
Parafuso da Tampa da Carcaça do Diferencial;parafuso da tampa do diferencial, parafuso do flange do diferencial, parafuso do cárter do diferencial
Parafuso da Tampa de Distribuicao;parafuso da tampa do distribuidor, parafuso da tampa da bomba de óleo, parafuso da tampa do comando de válvulas
Parafuso da Tampa de Válvula;parafuso da tampa do cabeçote, parafuso da tampa do balanceiro, parafuso da tampa do tucho
Parafuso da Tampa Distribuição;parafuso da tampa do distribuidor, parafuso da tampa da bomba de óleo, parafuso da tampa do comando de válvulas
Parafuso da Tampa do Motor;parafuso da tampa do cárter, parafuso da tampa do coletor de admissão, parafuso da tampa do coletor de escape
Parafuso da Trava;parafuso de segurança, parafuso anti-roubo, parafuso de bloqueio
Parafuso da Trava da Pastilha de Freio;parafuso do pino da trava da pastilha, parafuso da chaveta da pastilha, parafuso da fixação da trava da pastilha
Parafuso de Acoplamento;parafuso de junção, parafuso de união, parafuso de conexão
Parafuso de Articulação do Garfo de Câmbio;parafuso de conexão do garfo, parafuso de união da alavanca, parafuso da transmissão
Parafuso de Barra Torção;parafuso da suspensão, parafuso de fixação da barra estabilizadora, parafuso do braço de suspensão
Parafuso de Fixação;parafuso de montagem, parafuso de fixação de peças, parafuso de suporte
Parafuso de Fixação da Coroa;parafuso de montagem da coroa, parafuso de fixação da engrenagem, parafuso da transmissão
Parafuso de Fixação da Cruzeta;parafuso de montagem da cruzeta, parafuso de fixação do cardan, parafuso da junta universal
Parafuso de Fixação da Grade;parafuso de montagem da grade, parafuso de fixação do radiador, parafuso da frente do carro
Parafuso de Fixação do Cavalete;parafuso de montagem do cavalete, parafuso da suspensão, parafuso da roda
Parafuso de Fixação do Garfo;parafuso da suspensão, parafuso da articulação, parafuso da transmissão
Parafuso de Fixação Garfo;parafuso da suspensão, parafuso da articulação, parafuso da transmissão
Parafuso de Fixação Terceiro Eixo;parafuso de montagem do terceiro eixo, parafuso da suspensão, parafuso da roda
Parafuso de Regulagem da Coroa;parafuso de ajuste da coroa, parafuso de regulagem do diferencial, parafuso da transmissão
Parafuso de Regulagem de Válvula;parafuso de ajuste de válvula, parafuso de regulagem do motor, parafuso da cabeça do motor
Parafuso de Regulagem do Compressor;parafuso de ajuste do compressor, parafuso de regulagem do ar-condicionado, parafuso da unidade de compressor
Parafuso de Roda;parafuso cromado, parafuso de liga leve, parafuso de segurança
Parafuso de União do Servo Embreagem;parafuso de conexão do servo embreagem, parafuso da embreagem, parafuso da transmissão
Parafuso Desatuador da Cuica;parafuso de desmontagem da cuica, parafuso da suspensão, parafuso do freio
Parafuso do Acoplamento;parafuso de junção, parafuso de união, parafuso de conexão
Parafuso do Amortecedor;parafuso da suspensão, parafuso do sistema de amortecimento, parafuso do braço de suspensão
Parafuso do Apoio Braço;parafuso de fixação do apoio braço, parafuso da base do apoio braço, parafuso do suporte do braço central
Parafuso do Braço da Manga de Eixo;parafuso de fixação da manga de eixo, parafuso da suspensão da roda, parafuso do braço oscilante
Parafuso do Braço Reto da Direção;parafuso do braço de direção, parafuso do terminal de direção, parafuso do tirante axial
Parafuso do Cabeçote;prisioneiro do cabeçote, parafuso do bloco do motor, parafuso da junta do cabeçote
Parafuso do Cardan;parafuso de união do cardan, parafuso da cruzeta do cardan, parafuso do eixo cardan
Parafuso do Cárter;parafuso do carter do óleo, parafuso do reservatório de óleo, parafuso do motor
Parafuso do Cavalete D'Agua;parafuso do suporte do radiador, parafuso do radiador, parafuso do suporte do cavalete d'agua
Parafuso do Coletor;parafuso do coletor de admissão, parafuso do coletor de escape, parafuso do coletor de ar
Parafuso do Coxim;parafuso do suporte do motor, parafuso do suporte do câmbio, parafuso do coxim do motor
Parafuso do Cravo;parafuso do grampo, parafuso do clipe, parafuso do pino
Parafuso do Eixo Traseiro;parafuso da suspensão traseira, parafuso do eixo diferencial, parafuso do eixo propulsor
Parafuso do Escape;parafuso do tubo de escape, parafuso do silencioso, parafuso do catalisador
Parafuso do Esticador;parafuso da correia dentada, parafuso do tensor da corrente, parafuso do esticador da correia
Parafuso do Fecho Capô;parafuso do trinco do capô, parafuso do fechamento do capô, parafuso do suporte do capô
Parafuso do Friso Lateral;parafuso do friso de porta, parafuso do acabamento lateral, parafuso do friso decorativo
Parafuso do Injetor de Óleo;parafuso do bico injetor, parafuso da bomba de óleo, parafuso do suporte do injetor
Parafuso do Mancal;parafuso do rolamento, parafuso do suporte do mancal, parafuso do mancal do motor
Parafuso do Parachoque;parafuso do suporte do parachoque, parafuso do fixador do parachoque, parafuso do parafuso do para-choque
Parafuso do Pino de Fixação;parafuso do pino de travamento, parafuso do pino de fixação da suspensão, parafuso do pino do eixo
Parafuso do Pino do Patim Freio;parafuso do pino de fixação do freio, parafuso do pino de fixação do caliper, parafuso do pino guia do freio
Parafuso do Platô da Embreagem;parafuso de fixação do platô, parafuso de embreagem, parafuso do disco de embreagem
Parafuso do Suporte da Sapata de Freio;parafuso de fixação do suporte de freio, parafuso de fixação da sapata, parafuso do suporte do cilindro de freio
Parafuso do Suporte do Alternador;parafuso de fixação do alternador, parafuso do suporte da correia do alternador, parafuso de fixação do suporte da bateria
Parafuso do Suporte do Motor;parafuso de fixação do motor, parafuso de fixação do suporte do motor, parafuso do suporte de transmissão
Parafuso do Tensor da Correia Dentada;parafuso de fixação do tensor, parafuso do tensor da corrente, parafuso do tensor da correia de distribuição
Parafuso do Volante do Motor;parafuso do anel do volante, parafuso de fixação do volante, parafuso de fixação do platô do motor
Parafuso Escape Turbina;parafuso do coletor de escape, parafuso de fixação do silenciador, parafuso da flange de escape
Parafuso Espiral Auxiliar;parafuso de fixação de mola, parafuso de mola helicoidal, parafuso de mola espiral
Parafuso Estabilizador do Câmbio;parafuso de fixação do estabilizador, parafuso do suporte do câmbio, parafuso do amortecedor do câmbio
Parafuso Francês;parafuso de cabeça sextavada, parafuso allen, parafuso de rosca
Parafuso Galvanizado ;parafuso zincado, parafuso com tratamento de superfície, parafuso anti-corrosão
Parafuso Grande do Alto Falante;parafuso de fixação do alto falante, parafuso do suporte de som, parafuso do alto falante automotivo
Parafuso LL;parafuso de cabeça sextavada, parafuso allen, parafuso de rosca
Parafuso Mancal de Suspensão;parafuso de fixação do mancal, parafuso do braço de suspensão, parafuso do suporte do rolamento
Parafuso Medio do Alto Falante;parafuso de fixação do alto falante médio, parafuso de fixação da caixa de som, parafuso do tweeter
Parafuso Oco;parafuso tubular, parafuso vazado, parafuso oco com rosca
Parafuso para Eixo da Alavanca de Embreagem;parafuso de fixação do eixo da embreagem, parafuso do eixo de seleção, parafuso do braço da embreagem
Parafuso para Fixação da Caixa Satélite;parafuso do diferencial, parafuso de fixação do pinhão, parafuso da caixa de engrenagens
Parafuso para Maquina Vidro;parafuso de fixação do vidro elétrico, parafuso do motor do vidro elétrico, parafuso do elevador do vidro
Parafuso para Roda;parafuso cromado, parafuso de liga leve, parafuso de segurança
Parafuso para Tampa Estabilizar;parafuso de fixação da tampa, parafuso do suporte da tampa, parafuso da tampa de proteção
Parafuso Pequeno Chanfrado;parafuso com cabeça cônica, parafuso com cabeça chanfrada, parafuso com cabeça abaulada
Parafuso Sextavado;parafuso hexagonal, parafuso de cabeça sextavada, parafuso de porca sextavada
Parafuso Soberbo;parafuso cabeça chata, parafuso de cabeça escareada, parafuso de cabeça avellanada
Parafuso Volante do Motor;parafuso do cubo da roda, parafuso da polia, parafuso do eixo cardan
para-Sol;protetor de sol, quebra-sol, visor solar
Pasta Abrasiva;pasta de polimento, composto de polimento
Pasta para Montagem de Pneus;pasta lubrificante para montagem de pneus, lubrificante para pneus, massa para montagem de pneus
Pasta para Polimento;pasta de polimento, pasta de lustro, pasta para remover riscos
Pasta Térmica;pasta térmica para cpu, pasta térmica condutiva, pasta térmica para refrigeração
Película Adesiva Farol;película protetora adesiva para farol, filme adesivo para farol, adesivo de proteção para farol
Pino Friso Lateral;pino de acabamento, pino de fixação, pino de sustentação
Pneu;aro de borracha, pneumático, arco de borracha
Pneu Pretinho;brilho para pneus, pneu pretinho em gel, brilho molhado para pneus
Pneu Pretinho em Gel;brilho para pneus, pneu pretinho, gel para pneus
Polidor de Metais;polidor de cromo, polidor de alumínio
Ponteira de Enfeite para Antena;enfeite para ponta de antena, topper de antena, capa decorativa para vareta
Ponteira Decorativa para Antena;ponteira enfeitada para antena, capa decorativa para vareta, topper de antena
Porca de Roda;parafuso de roda, prisioneiro de roda, porca de fixação de roda
Porta Ferramentas;porta-ferramentas, suporte de ferramentas, organizador de ferramentas
Prendedor de Carga;grampos de fixação, grampo de carga, trava de segurança
Presilha Fixação do Painel;presilha de fixação, presilha de sustentação, presilha de acabamento
Presilha Porca da Cinta do Tanque;porca de fixação, porca de sustentação, porca de trava
Pretinho para Pneus;brilho para pneus, pneu pretinho, brilho molhado para pneus
Prisioneiro de Roda;pino de roda, parafuso de roda, eixo de roda
Prisioneiro do Cubo de Roda;pino de roda, parafuso de roda, eixo de roda
Prolongador de Antena;extensor de antena, prolongamento de sinal, cabo extensor para vareta
Prolongador para Antena;extensor de antena, ampliador de sinal, extensor de sinal
Protetor Couro Plásticos;protetor de plásticos, proteção para plásticos, protetor de plásticos automotivo
Protetor de Borda de Vidros e Espelhos;protetor de cantos, protetor de molduras, protetor de quinas
Protetor de Sol;filme de proteção solar, película protetora de raios uv, insulfilm para carros
Protetor de Vareta para Rádio;protetor de antena, capa de proteção para antena, capa protetora para rádio
Protetor Impermeabilizante de Tecidos;protetor de tecidos, selante de tecidos, spray protetor
Protetor para Correias;protetor de correia, lubrificante para correias, spray protetor de correia
Protetor Solar;para-sol, quebra-sol, visor solar
Protetor Solar Automotivo;filme de proteção solar, película protetora de raios uv, insulfilm para carros
Protetor Solar Dobrável;protetor solar portátil, guarda-sol automotivo, toldo solar retrátil
Rádio Automotivo;aparelho de som para carro, sistema de áudio automotivo, rádio de carro
Rádio Fm;rádio de frequência modulada, aparelho de som fm, transmissor de fm
Rádio Px;rádio de banda cidadã, rádio px cb, rádio de comunicação
Rede de Contenção de Carga;rede de proteção de cargas, rede de segurança para transporte, rede de amarração de carga
Rede de Separação de Carga Baú;rede para divisão de cargas, rede para organização de baú, rede de separação de cargas
Rede Elástica para Fixação de Carga;rede de elástico para prender carga, rede elástica de amarração de cargas, rede de segurança elástica para transporte
Redução de Ar Comprimido;conector de redução de ar, adaptador de redução de ar, união de redução de ar
Redutor de Soquete;adaptador de soquete, conversor de soquete, redutor de encaixe de soquete
Redutor Macho;conector de redutor macho, adaptador de redutor macho, união de redutor macho
Removedor de Residuos;removedor de manchas, removedor de cola, removedor de graxa
Removedor Tira grude;removedor de adesivos, removedor de chiclete, removedor de cola
Renovador de Couro;rejuvenescedor de couro, restaurador de couro, tonalizante para couro
Renovador de Volante e Parachoque;renovador de volante, renovador de plásticos automotivo, renovador de plásticos de interior
Reparo de Pneu;reparador de pneus, selante para pneus, remendo para pneus
Reprodutor de Áudio e Vídeo;player multimídia, tocador de mídia, reprodutor de mídia
Reprodutor de Vídeo;tocador de vídeo, player de vídeo, reprodutor de filmes
Reprodutor de Vídeo Dvd;tocador de dvd, leitor de dvd, reprodutor de dvd
Reprodutor de Vídeo Multimidia;player multimídia, tocador de vídeo, reprodutor de filmes
Reprodutor de Vídeo Receiver;receptor de mídia, player de vídeo, aparelho de som com reprodutor de vídeo
Revitalizador de Couro;limpa e revitaliza couros
Revitalizador de Parachoques;revitalizador de parachoques e plásticos, restaurador de parachoques e plásticos, renovador de plásticos de exterior e borrachas
Revitalizador de Plástico;renovador de plástico, rejuvenescedor de plásticos, restaurador de plástico
Revitalizador de Plástico e Borracha;revitalizador de plásticos, restaurador de plásticos, renovador de borrachas
Revitalizador Líquido Farol;renovador de faróis, restaurador de lentes, revitalizador de plásticos
Revitalizador Painel;borracha de silicone, selante de silicone, vedante de silicone
Revitalizador para Faróis;líquido restaurador de faróis, revitalizador de faróis, kit de renovação de faróis
Revitalizador Plástico;renovador de plásticos, restaurador de plásticos, protetor de plásticos
Revitalizador Plásticos e Borrachas;renovador de plásticos, renovador de barrachas, restaurador de plásticos, restaurador de barrachas
Sachê Aromatizador;perfume em saquinho, fragrância em bolsinha, essência em sachê
Sanitizante;desinfetante, esterilizante, higienizador
Selante para Radiador;produto para selagem de vazamentos no radiador, selante para reparo de vazamentos, adesivo para vedação de vazamentos
Shampoo;produto de limpeza para carros, sabão automotivo, detergente para carros
Shampoo Automotivo;shampoo para carros, shampoo para lava car, shampoo para automóveis
Shampoo com Cera;shampoo para carros com cera, shampoo com cera protetora, shampoo lava autos com cera
Shampoo Lava Autos;shampoo para carros, shampoo para lava car, shampoo automotivo
Shampoo Lava Carros;shampoo para lava car, shampoo para carros, shampoo automotivo
Shampoo para Limpeza a Seco;shampoo a seco para carros, shampoo para lava car, shampoo para lavagem a seco
Silenciador para Freios;lubrificante para freios, silenciador de pastilhas de freio, spray para freios
Silicone;spray de silicone, aerossol de silicone, lubrificante de silicone
Silicone Acético;silicone selante, silicone de vedação, silicone branco
Silicone Aerossol;silicone para automóveis, silicone para carros, silicone para motor
Silicone Alta Temperatura;silicone alta temperatura vermelho, silicone de alta temperatura cinza, silicone para motor
Silicone Automotivo;silicone em pasta, silicone em pomada, silicone em pote
Silicone Bisnaga;silicone bisnaga de 50g, bisnaga de silicone, silicone para reparos rápidos
Silicone de Alta Temperatura;silicone para altas temperaturas
Silicone em Gel;silicone em gel, silicone em spray, silicone em tubo
Silicone Líquido;silicone líquido, óleo de silicone, lubrificante de silicone líquido
Silicone Preto;silicone preto para vedação, silicone preto para juntas, silicone preto automotivo
Silicone Spray;spray de silicone, lubrificante de silicone, vedante de silicone em spray
Silicone Spray;spray lubrificante de silicone, silicone aerossol, lubrificante spray de silicone
Silicone Tradicional em Gel;silicone em gel tradicional, silicone em bisnaga tradicional, silicone em pasta tradicional
Sobre Tampa Cubo;capa de cubo de roda, capa para cubo de roda, tampa para cubo de roda
Solução Radiador;solução para arrefecimento, líquido para radiador, líquido de arrefecimento
Som Automotivo;sistema de som para carros, equipamento de áudio para veículos, aparelho de som veicular
Som Automotivo;sistema de som para carro, equipamento de áudio automotivo, sistema de áudio para veículos
Soquete Chave;soquete com chave, chave soquete, soquete de chave combinada
Soquete de Impacto;soquete para impacto, soquete de encaixe de impacto, soquete resistente ao impacto
Soquete Estriado;soquete de encaixe estriado, soquete com estrias, soquete de encaixe com dentes
Soquete Impacto;soquete para impacto, soquete de encaixe de impacto, soquete resistente ao impacto
Soquete Sextavado;soquete de encaixe sextavado, soquete com seis lados, soquete hexagonal
Soquete Torx;soquete de encaixe torx, soquete com ponta torx, soquete com encaixe estrela
Spray Aromatizante;perfume em spray, fragrância em pulverizador, essência em aerossol
Spray Graxa para Corrente;spray lubrificante para corrente, spray de graxa, lubrificante em spray
Spray Impermeabilizante;spray de impermeabilização, spray de proteção, spray de vedação
Superior Cola Instantanêa;cola instantânea super bonder, cola instantânea 3m, cola instantânea loctite
Superior Pano Colméia;pano colméia, pano de limpeza colméia, pano de microfibra em colméia
Superior Toalha Enxuga;toalha de secagem, toalha de limpeza, toalha multiuso
Suporte Antiderrapante para Celular;suporte antiderrapante, suporte para celular antiderrapante, suporte para celular com base antiderrapante
Suporte Celular Magnético;suporte magnético para celular de carro, suporte magnético para celular veicular, suporte de celular com imã
Suporte com Capa para Celular;capa com suporte para celular, suporte para celular com capa protetora, capa suporte para celular
Suporte com Capa para Gps;capa com suporte para gps, suporte para gps com capa protetora, capa suporte para gps
Suporte Cromado;suporte de metal cromado, suporte de cromo, suporte com acabamento cromado
Suporte Cromado para Antena;suporte cromado de antena, suporte para antena com acabamento cromado, suporte para antena de metal cromado
Suporte de Fixação Central;suporte de fixação, suporte de fixação universal, suporte central para instalação
Suporte de Rádio Px;suporte para rádio px, suporte para rádio px/tx, suporte para rádio comunicador
Suporte Garrafa para Bike;suporte de garrafa para bicicleta, porta garrafa para bike, suporte para squeeze de bicicleta
Suporte Gps;suporte para gps de carro, suporte para navegador gps, suporte veicular para gps
Suporte Magnético para Celular;suporte magnético para celular veicular, suporte magnético para celular com fixação magnética, suporte veicular magnético para celular
Suporte Multifuncional;suporte para celular multifuncional, suporte multifuncional para tablet, suporte universal multifuncional
Suporte Multiuso;suporte para celular multiuso, suporte para tablet multiuso, suporte universal multiuso
Suporte para Antena;suporte de antena, suporte para antena externa, base para antena
Suporte para Bike;suporte para celular de bicicleta, suporte para gps de bicicleta, suporte de guidão para bicicleta
Suporte para Celular;suporte para smartphone, suporte para telefone, suporte de mesa para celular
Suporte para Gps;suporte para navegador, suporte para gps veicular, suporte para gps de moto
Suporte para Moldura de Som;suporte de moldura, suporte para instalação de moldura, suporte para fixação de moldura
Suporte para Moto;suporte para celular de moto, suporte para gps de moto, suporte de guidão para moto
Suporte Tablet Ipad;suporte para tablet ipad, suporte para ipad, suporte de mesa para tablet
Suporte Traseiro para Antena;suporte de antena traseiro, base para antena de carro, suporte para antena de teto
Suporte Univeral para Antena;suporte para antena universal, suporte para antena com encaixe universal, base para antena ajustável
Suporte Universal;suporte para celular universal, suporte para tablet universal, suporte veicular universal
Suporte Veicular;suporte de celular para carro, suporte para gps veicular, suporte para tablet de carro
Suporte Veicular para Smartphone;suporte para celular de carro, suporte para smartphone veicular, suporte de celular para automóvel
Suporte Veicular para Tablet;suporte para tablet de carro, suporte para tablet veicular, suporte de tablet para automóvel
Suporte Zincado;suporte de antena zincado, suporte para antena com acabamento em zinco, base para antena galvanizada
Tampa da Caixa de Ferramenta;tampa de caixa de ferramentas, tampa de compartimento, tampa de armazenamento
Tampa de Válvula de Pneu;capa de válvula de pneu, protetor de válvula de pneu, tampa de proteção de válvula de pneu
Tampa do Cubo;tampa do cubo de roda, tampa de centro de roda, tampa decorativa para cubo de roda
Tampa Plástica para Válvula;capa plástica para válvula, protetor de válvula plástica, tampa de proteção plástica para válvula
Tampa Válvula de Pneu;capa de válvula de pneu, protetor de válvula de pneu, tampa de proteção de válvula de pneu
Tapa Dvd;tapa radio, tapa buraco dvd, tapa buraco som automotivo
Tinta Spray;tinta em spray, tinta aerosol, tinta em lata
Tira Cheiro;neutralizador de odores, eliminador de cheiros, absorvedor de maus odores
Tira Cheiro Aerossol;desodorizador de ambientes, neutralizador de odores, eliminador de odores
Tira Elimina Riscos;removedor de riscos, limpador de arranhões, restaurador de superfícies riscadas
Tira Manchas de Vidro;removedor de manchas de vidro, tira manchas de vidro profissional, removedor de sujeira de vidros
Tira Piche em Aerossol;removedor de graxa, removedor de cola, removedor de adesivos
Tira Silicone;removedor de silicone, tira silicone automotivo, removedor de resíduos de silicone
Toalha;toalha de secagem, toalha de limpeza, toalha multiuso
Toalha de Microfibra;toalha de microfibra, toalha de limpeza, toalha de secagem
Toalha Seca;toalha de seca, toalha de secagem rápida, toalha absorvente
Toalha Smart;toalha inteligente, toalha de limpeza inteligente
Transferidor de Ar para Pneu;inflador de pneus, transferidor de ar para pneus, medidor de pressão para pneus
Válvula para Pneu de Caminhões;válvula para pneus de veículos pesados, válvula de pneu de caminhão, válvula de pneu de ônibus
Válvula para Pneus sem Câmara;válvula tubeless, válvula para pneus sem câmara de ar, válvula para pneus tubeless
Válvula Pneu sem Câmara;válvula tubeless, válvula para pneus sem câmara de ar, válvula para pneus tubeless
Vaselina Líquida;lubrificante líquido, vaselina automotiva
Vaselina Sólida;lubrificante sólido, graxa sólida, vaselina em pasta
Vaselina Spray;spray de vaselina, lubrificante em spray, vaselina em spray.
Veda Fresta Adesiva;veda frestas e juntas, veda frestas transparente, veda frestas de silicone
Veda Furo para Pneu;líquido selante para pneus, selante instantâneo para pneus, veda furo instantâneo
Veda Furo Pneu;selante para pneus sem câmara, selante para pneus tubeless
Vitrificador para Plástico;protetor de plástico, revestimento para plásticos, selante de plástico
Woofer Medio Grave;alto-falante de grave, falante para médio-grave, woofer de baixa frequência
